https://www.wm.edu,wm.edu,wm_edu
https://flathatnews.com ,flathatnews.com,flathat
https://news.wm.edu,news.wm.edu,news
https://mason.wm.edu,mason.wm.edu,mason
https://law.wm.edu,law.wm.edu,law
https://www.vims.edu,vims.edu,vims
https://scholarworks.wm.edu/home,scholarworks.wm.edu,scholarworks
https://campusrec.wm.edu/,campusrec.wm.edu,rec
https://cdsp.wm.edu/,cdsp.wm.edu,cdsp
https://williamandmary.mydininghub.com/en,mydininghub.com,dininghub
https://libraries.wm.edu/,libraries.wm.edu,wm_library
https://catalog.wm.edu/,catalog.wm.edu,catalog
https://www.visitwilliamsburg.com,visitwilliamsburg.com,visit_wmburg
https://www.colonialwilliamsburg.org/,colonialwilliamsburg.org,cw